{
	"formatVersion": 2,
	"appVersion": "0.91.6",
	"files": [
		{
			"isClone": false,
			"noteId": "zFvZzqEj5VbM",
			"notePath": [
				"zFvZzqEj5VbM"
			],
			"title": "Bücher",
			"notePosition": 1000000239,
			"prefix": null,
			"isExpanded": true,
			"type": "book",
			"mime": "",
			"attributes": [
				{
					"type": "label",
					"name": "showCloud",
					"value": "",
					"isInheritable": false,
					"position": 10
				},
				{
					"type": "label",
					"name": "cloudIgnore",
					"value": "author",
					"isInheritable": false,
					"position": 20
				},
				{
					"type": "label",
					"name": "viewType",
					"value": "list",
					"isInheritable": false,
					"position": 30
				}
			],
			"attachments": [],
			"dirFileName": "Bücher",
			"children": [
				{
					"isClone": false,
					"noteId": "1LKnnhu9Q4Sw",
					"notePath": [
						"zFvZzqEj5VbM",
						"1LKnnhu9Q4Sw"
					],
					"title": "Der Schatten des Windes",
					"notePosition": 10,
					"prefix": null,
					"isExpanded": false,
					"type": "text",
					"mime": "text/html",
					"attributes": [
						{
							"type": "label",
							"name": "Roman",
							"value": "",
							"isInheritable": false,
							"position": 20
						},
						{
							"type": "label",
							"name": "author",
							"value": "Carlos Ruiz Zafón",
							"isInheritable": false,
							"position": 10
						}
					],
					"format": "html",
					"dataFileName": "Der Schatten des Windes.html",
					"attachments": []
				},
				{
					"isClone": false,
					"noteId": "5iwKu4n8cvRu",
					"notePath": [
						"zFvZzqEj5VbM",
						"5iwKu4n8cvRu"
					],
					"title": "Harry Potter und der Stein der Weisen ",
					"notePosition": 20,
					"prefix": null,
					"isExpanded": false,
					"type": "text",
					"mime": "text/html",
					"attributes": [
						{
							"type": "label",
							"name": "author",
							"value": "J.K. Rowling",
							"isInheritable": false,
							"position": 10
						},
						{
							"type": "label",
							"name": "Fantasy",
							"value": "",
							"isInheritable": false,
							"position": 20
						}
					],
					"format": "html",
					"dataFileName": "Harry Potter und der Stein der.html",
					"attachments": []
				},
				{
					"isClone": false,
					"noteId": "PxceMSmKZwHe",
					"notePath": [
						"zFvZzqEj5VbM",
						"PxceMSmKZwHe"
					],
					"title": "Der Herr der Ringe: Die Gefährten ",
					"notePosition": 30,
					"prefix": null,
					"isExpanded": false,
					"type": "text",
					"mime": "text/html",
					"attributes": [
						{
							"type": "label",
							"name": "author",
							"value": "J.R.R. Tolkien",
							"isInheritable": false,
							"position": 10
						},
						{
							"type": "label",
							"name": "Fantasy",
							"value": "",
							"isInheritable": false,
							"position": 20
						}
					],
					"format": "html",
					"dataFileName": "Der Herr der Ringe Die Gefährt.html",
					"attachments": []
				},
				{
					"isClone": false,
					"noteId": "BvpiKgWhBOvd",
					"notePath": [
						"zFvZzqEj5VbM",
						"BvpiKgWhBOvd"
					],
					"title": "Stolz und Vorurteil ",
					"notePosition": 40,
					"prefix": null,
					"isExpanded": false,
					"type": "text",
					"mime": "text/html",
					"attributes": [
						{
							"type": "label",
							"name": "author",
							"value": "Jane Austen",
							"isInheritable": false,
							"position": 10
						},
						{
							"type": "label",
							"name": "Roman",
							"value": "",
							"isInheritable": false,
							"position": 20
						}
					],
					"format": "html",
					"dataFileName": "Stolz und Vorurteil.html",
					"attachments": []
				},
				{
					"isClone": false,
					"noteId": "zSAF61GUlZDE",
					"notePath": [
						"zFvZzqEj5VbM",
						"zSAF61GUlZDE"
					],
					"title": "1984 ",
					"notePosition": 50,
					"prefix": null,
					"isExpanded": false,
					"type": "text",
					"mime": "text/html",
					"attributes": [
						{
							"type": "label",
							"name": "author",
							"value": "George Orwell",
							"isInheritable": false,
							"position": 10
						},
						{
							"type": "label",
							"name": "Dystopie",
							"value": "",
							"isInheritable": false,
							"position": 20
						}
					],
					"format": "html",
					"dataFileName": "1984.html",
					"attachments": []
				},
				{
					"isClone": false,
					"noteId": "oHSuyBUnfCXK",
					"notePath": [
						"zFvZzqEj5VbM",
						"oHSuyBUnfCXK"
					],
					"title": "Der kleine Prinz ",
					"notePosition": 60,
					"prefix": null,
					"isExpanded": false,
					"type": "text",
					"mime": "text/html",
					"attributes": [
						{
							"type": "label",
							"name": "author",
							"value": "Antoine de Saint-Exupéry",
							"isInheritable": false,
							"position": 10
						},
						{
							"type": "label",
							"name": "Kinderbuch",
							"value": "",
							"isInheritable": false,
							"position": 20
						}
					],
					"format": "html",
					"dataFileName": "Der kleine Prinz.html",
					"attachments": []
				},
				{
					"isClone": false,
					"noteId": "2kRmPIdVDstc",
					"notePath": [
						"zFvZzqEj5VbM",
						"2kRmPIdVDstc"
					],
					"title": "Die unendliche Geschichte ",
					"notePosition": 70,
					"prefix": null,
					"isExpanded": false,
					"type": "text",
					"mime": "text/html",
					"attributes": [
						{
							"type": "label",
							"name": "author",
							"value": "Michael Ende",
							"isInheritable": false,
							"position": 10
						},
						{
							"type": "label",
							"name": "Fantasy",
							"value": "",
							"isInheritable": false,
							"position": 20
						}
					],
					"format": "html",
					"dataFileName": "Die unendliche Geschichte.html",
					"attachments": []
				},
				{
					"isClone": false,
					"noteId": "QIFOngkcWDwX",
					"notePath": [
						"zFvZzqEj5VbM",
						"QIFOngkcWDwX"
					],
					"title": "Per Anhalter durch die Galaxis ",
					"notePosition": 80,
					"prefix": null,
					"isExpanded": false,
					"type": "text",
					"mime": "text/html",
					"attributes": [
						{
							"type": "label",
							"name": "author",
							"value": "Douglas Adams",
							"isInheritable": false,
							"position": 10
						},
						{
							"type": "label",
							"name": "ScienceFiction",
							"value": "",
							"isInheritable": false,
							"position": 20
						}
					],
					"format": "html",
					"dataFileName": "Per Anhalter durch die Galaxis.html",
					"attachments": []
				},
				{
					"isClone": false,
					"noteId": "o5DvC2X8nlxw",
					"notePath": [
						"zFvZzqEj5VbM",
						"o5DvC2X8nlxw"
					],
					"title": "Jane Eyre ",
					"notePosition": 90,
					"prefix": null,
					"isExpanded": false,
					"type": "text",
					"mime": "text/html",
					"attributes": [
						{
							"type": "label",
							"name": "author",
							"value": "Charlotte Brontë",
							"isInheritable": false,
							"position": 10
						},
						{
							"type": "label",
							"name": "Roman",
							"value": "",
							"isInheritable": false,
							"position": 20
						}
					],
					"format": "html",
					"dataFileName": "Jane Eyre.html",
					"attachments": []
				},
				{
					"isClone": false,
					"noteId": "NeelWZvSB9tM",
					"notePath": [
						"zFvZzqEj5VbM",
						"NeelWZvSB9tM"
					],
					"title": "Frankenstein ",
					"notePosition": 100,
					"prefix": null,
					"isExpanded": false,
					"type": "text",
					"mime": "text/html",
					"attributes": [
						{
							"type": "label",
							"name": "author",
							"value": "Mary Shelley",
							"isInheritable": false,
							"position": 10
						},
						{
							"type": "label",
							"name": "Horror",
							"value": "",
							"isInheritable": false,
							"position": 20
						}
					],
					"format": "html",
					"dataFileName": "Frankenstein.html",
					"attachments": []
				},
				{
					"isClone": false,
					"noteId": "2ZE4IPE3UPUl",
					"notePath": [
						"zFvZzqEj5VbM",
						"2ZE4IPE3UPUl"
					],
					"title": "Dracula ",
					"notePosition": 110,
					"prefix": null,
					"isExpanded": false,
					"type": "text",
					"mime": "text/html",
					"attributes": [
						{
							"type": "label",
							"name": "author",
							"value": "Bram Stoker",
							"isInheritable": false,
							"position": 10
						},
						{
							"type": "label",
							"name": "Horror",
							"value": "",
							"isInheritable": false,
							"position": 20
						}
					],
					"format": "html",
					"dataFileName": "Dracula.html",
					"attachments": []
				},
				{
					"isClone": false,
					"noteId": "2hGiSx0qgFoB",
					"notePath": [
						"zFvZzqEj5VbM",
						"2hGiSx0qgFoB"
					],
					"title": "Das Tagebuch der Anne Frank ",
					"notePosition": 120,
					"prefix": null,
					"isExpanded": false,
					"type": "text",
					"mime": "text/html",
					"attributes": [
						{
							"type": "label",
							"name": "author",
							"value": "Anne Frank",
							"isInheritable": false,
							"position": 10
						},
						{
							"type": "label",
							"name": "Biografie",
							"value": "",
							"isInheritable": false,
							"position": 20
						}
					],
					"format": "html",
					"dataFileName": "Das Tagebuch der Anne Frank.html",
					"attachments": []
				},
				{
					"isClone": false,
					"noteId": "blZEMOgZzP2g",
					"notePath": [
						"zFvZzqEj5VbM",
						"blZEMOgZzP2g"
					],
					"title": "Der Fänger im Roggen ",
					"notePosition": 130,
					"prefix": null,
					"isExpanded": false,
					"type": "text",
					"mime": "text/html",
					"attributes": [
						{
							"type": "label",
							"name": "author",
							"value": "J.D. Salinger",
							"isInheritable": false,
							"position": 10
						},
						{
							"type": "label",
							"name": "Roman",
							"value": "",
							"isInheritable": false,
							"position": 20
						}
					],
					"format": "html",
					"dataFileName": "Der Fänger im Roggen.html",
					"attachments": []
				},
				{
					"isClone": false,
					"noteId": "pKIUdWGOJt4m",
					"notePath": [
						"zFvZzqEj5VbM",
						"pKIUdWGOJt4m"
					],
					"title": "Lolita ",
					"notePosition": 140,
					"prefix": null,
					"isExpanded": false,
					"type": "text",
					"mime": "text/html",
					"attributes": [
						{
							"type": "label",
							"name": "author",
							"value": "Vladimir Nabokov",
							"isInheritable": false,
							"position": 10
						},
						{
							"type": "label",
							"name": "Roman",
							"value": "",
							"isInheritable": false,
							"position": 20
						}
					],
					"format": "html",
					"dataFileName": "Lolita.html",
					"attachments": []
				},
				{
					"isClone": false,
					"noteId": "y0jJukYWLSaS",
					"notePath": [
						"zFvZzqEj5VbM",
						"y0jJukYWLSaS"
					],
					"title": "Hundert Jahre Einsamkeit ",
					"notePosition": 150,
					"prefix": null,
					"isExpanded": false,
					"type": "text",
					"mime": "text/html",
					"attributes": [
						{
							"type": "label",
							"name": "author",
							"value": "Gabriel García Márquez",
							"isInheritable": false,
							"position": 10
						},
						{
							"type": "label",
							"name": "Roman",
							"value": "",
							"isInheritable": false,
							"position": 20
						}
					],
					"format": "html",
					"dataFileName": "Hundert Jahre Einsamkeit.html",
					"attachments": []
				},
				{
					"isClone": false,
					"noteId": "e6B4aZlIpIlE",
					"notePath": [
						"zFvZzqEj5VbM",
						"e6B4aZlIpIlE"
					],
					"title": "Die Göttliche Komödie ",
					"notePosition": 160,
					"prefix": null,
					"isExpanded": false,
					"type": "text",
					"mime": "text/html",
					"attributes": [
						{
							"type": "label",
							"name": "author",
							"value": "Dante Alighieri",
							"isInheritable": false,
							"position": 10
						},
						{
							"type": "label",
							"name": "Epos",
							"value": "",
							"isInheritable": false,
							"position": 20
						}
					],
					"format": "html",
					"dataFileName": "Die Göttliche Komödie.html",
					"attachments": []
				},
				{
					"isClone": false,
					"noteId": "5GuUPuO2uj2O",
					"notePath": [
						"zFvZzqEj5VbM",
						"5GuUPuO2uj2O"
					],
					"title": "Don Quijote ",
					"notePosition": 170,
					"prefix": null,
					"isExpanded": false,
					"type": "text",
					"mime": "text/html",
					"attributes": [
						{
							"type": "label",
							"name": "author",
							"value": "Miguel de Cervantes",
							"isInheritable": false,
							"position": 10
						},
						{
							"type": "label",
							"name": "Roman",
							"value": "",
							"isInheritable": false,
							"position": 20
						}
					],
					"format": "html",
					"dataFileName": "Don Quijote.html",
					"attachments": []
				},
				{
					"isClone": false,
					"noteId": "T25c39zuY56m",
					"notePath": [
						"zFvZzqEj5VbM",
						"T25c39zuY56m"
					],
					"title": "Hamlet ",
					"notePosition": 180,
					"prefix": null,
					"isExpanded": false,
					"type": "text",
					"mime": "text/html",
					"attributes": [
						{
							"type": "label",
							"name": "author",
							"value": "William Shakespeare",
							"isInheritable": false,
							"position": 10
						},
						{
							"type": "label",
							"name": "Tragödie",
							"value": "",
							"isInheritable": false,
							"position": 20
						}
					],
					"format": "html",
					"dataFileName": "Hamlet.html",
					"attachments": []
				},
				{
					"isClone": false,
					"noteId": "k68D8U9aYRSJ",
					"notePath": [
						"zFvZzqEj5VbM",
						"k68D8U9aYRSJ"
					],
					"title": "Faust ",
					"notePosition": 190,
					"prefix": null,
					"isExpanded": false,
					"type": "text",
					"mime": "text/html",
					"attributes": [
						{
							"type": "label",
							"name": "author",
							"value": "Johann Wolfgang von Goethe",
							"isInheritable": false,
							"position": 10
						},
						{
							"type": "label",
							"name": "Drama",
							"value": "",
							"isInheritable": false,
							"position": 20
						}
					],
					"format": "html",
					"dataFileName": "Faust.html",
					"attachments": []
				},
				{
					"isClone": false,
					"noteId": "69QuBYWvSgqJ",
					"notePath": [
						"zFvZzqEj5VbM",
						"69QuBYWvSgqJ"
					],
					"title": "Krieg und Frieden ",
					"notePosition": 200,
					"prefix": null,
					"isExpanded": false,
					"type": "text",
					"mime": "text/html",
					"attributes": [
						{
							"type": "label",
							"name": "author",
							"value": "Leo Tolstoi",
							"isInheritable": false,
							"position": 10
						},
						{
							"type": "label",
							"name": "Roman",
							"value": "",
							"isInheritable": false,
							"position": 20
						}
					],
					"format": "html",
					"dataFileName": "Krieg und Frieden.html",
					"attachments": []
				},
				{
					"isClone": false,
					"noteId": "QRCxxvVhKDR9",
					"notePath": [
						"zFvZzqEj5VbM",
						"QRCxxvVhKDR9"
					],
					"title": "Moby Dick ",
					"notePosition": 210,
					"prefix": null,
					"isExpanded": false,
					"type": "text",
					"mime": "text/html",
					"attributes": [
						{
							"type": "label",
							"name": "author",
							"value": "Herman Melville",
							"isInheritable": false,
							"position": 10
						},
						{
							"type": "label",
							"name": "Roman",
							"value": "",
							"isInheritable": false,
							"position": 20
						}
					],
					"format": "html",
					"dataFileName": "Moby Dick.html",
					"attachments": []
				},
				{
					"isClone": false,
					"noteId": "TARvqyB35ECS",
					"notePath": [
						"zFvZzqEj5VbM",
						"TARvqyB35ECS"
					],
					"title": "Die Bleiche ",
					"notePosition": 220,
					"prefix": null,
					"isExpanded": false,
					"type": "text",
					"mime": "text/html",
					"attributes": [
						{
							"type": "label",
							"name": "author",
							"value": "Stephen King",
							"isInheritable": false,
							"position": 10
						},
						{
							"type": "label",
							"name": "Horror",
							"value": "",
							"isInheritable": false,
							"position": 20
						}
					],
					"format": "html",
					"dataFileName": "Die Bleiche.html",
					"attachments": []
				},
				{
					"isClone": false,
					"noteId": "d8DsWWMBCKXr",
					"notePath": [
						"zFvZzqEj5VbM",
						"d8DsWWMBCKXr"
					],
					"title": "Es ",
					"notePosition": 230,
					"prefix": null,
					"isExpanded": false,
					"type": "text",
					"mime": "text/html",
					"attributes": [
						{
							"type": "label",
							"name": "author",
							"value": "Stephen King",
							"isInheritable": false,
							"position": 10
						},
						{
							"type": "label",
							"name": "Horror",
							"value": "",
							"isInheritable": false,
							"position": 20
						}
					],
					"format": "html",
					"dataFileName": "Es.html",
					"attachments": []
				},
				{
					"isClone": false,
					"noteId": "HOF8Botpxjlt",
					"notePath": [
						"zFvZzqEj5VbM",
						"HOF8Botpxjlt"
					],
					"title": "Der Pate ",
					"notePosition": 240,
					"prefix": null,
					"isExpanded": false,
					"type": "text",
					"mime": "text/html",
					"attributes": [
						{
							"type": "label",
							"name": "author",
							"value": "Mario Puzo",
							"isInheritable": false,
							"position": 10
						},
						{
							"type": "label",
							"name": "Krimi",
							"value": "",
							"isInheritable": false,
							"position": 20
						}
					],
					"format": "html",
					"dataFileName": "Der Pate.html",
					"attachments": []
				},
				{
					"isClone": false,
					"noteId": "J9MHQHA3ea7m",
					"notePath": [
						"zFvZzqEj5VbM",
						"J9MHQHA3ea7m"
					],
					"title": "Die Verwandlung",
					"notePosition": 250,
					"prefix": null,
					"isExpanded": false,
					"type": "text",
					"mime": "text/html",
					"attributes": [
						{
							"type": "label",
							"name": "author",
							"value": "Franz Kafka",
							"isInheritable": false,
							"position": 10
						},
						{
							"type": "label",
							"name": "Erzählung",
							"value": "",
							"isInheritable": false,
							"position": 20
						}
					],
					"format": "html",
					"dataFileName": "Die Verwandlung.html",
					"attachments": []
				},
				{
					"isClone": false,
					"noteId": "yjlcYu4MLjb8",
					"notePath": [
						"zFvZzqEj5VbM",
						"yjlcYu4MLjb8"
					],
					"title": "Der Prozess ",
					"notePosition": 260,
					"prefix": null,
					"isExpanded": false,
					"type": "text",
					"mime": "text/html",
					"attributes": [
						{
							"type": "label",
							"name": "author",
							"value": "Franz Kafka",
							"isInheritable": false,
							"position": 10
						},
						{
							"type": "label",
							"name": "Roman",
							"value": "",
							"isInheritable": false,
							"position": 20
						}
					],
					"format": "html",
					"dataFileName": "Der Prozess.html",
					"attachments": []
				},
				{
					"isClone": false,
					"noteId": "PFdb0vg0Odig",
					"notePath": [
						"zFvZzqEj5VbM",
						"PFdb0vg0Odig"
					],
					"title": "Schuld und Sühne ",
					"notePosition": 270,
					"prefix": null,
					"isExpanded": false,
					"type": "text",
					"mime": "text/html",
					"attributes": [
						{
							"type": "label",
							"name": "author",
							"value": "Fjodor Dostojewski",
							"isInheritable": false,
							"position": 10
						},
						{
							"type": "label",
							"name": "Roman",
							"value": "",
							"isInheritable": false,
							"position": 20
						}
					],
					"format": "html",
					"dataFileName": "Schuld und Sühne.html",
					"attachments": []
				},
				{
					"isClone": false,
					"noteId": "dMTaELX9zLLw",
					"notePath": [
						"zFvZzqEj5VbM",
						"dMTaELX9zLLw"
					],
					"title": "Anna Karenina ",
					"notePosition": 280,
					"prefix": null,
					"isExpanded": false,
					"type": "text",
					"mime": "text/html",
					"attributes": [
						{
							"type": "label",
							"name": "author",
							"value": "Leo Tolstoi",
							"isInheritable": false,
							"position": 10
						},
						{
							"type": "label",
							"name": "Roman",
							"value": "",
							"isInheritable": false,
							"position": 20
						}
					],
					"format": "html",
					"dataFileName": "Anna Karenina.html",
					"attachments": []
				},
				{
					"isClone": false,
					"noteId": "3NhQwORuAgZ6",
					"notePath": [
						"zFvZzqEj5VbM",
						"3NhQwORuAgZ6"
					],
					"title": "Madame Bovary ",
					"notePosition": 290,
					"prefix": null,
					"isExpanded": false,
					"type": "text",
					"mime": "text/html",
					"attributes": [
						{
							"type": "label",
							"name": "author",
							"value": "Gustave Flaubert",
							"isInheritable": false,
							"position": 10
						},
						{
							"type": "label",
							"name": "Roman",
							"value": "",
							"isInheritable": false,
							"position": 20
						}
					],
					"format": "html",
					"dataFileName": "Madame Bovary.html",
					"attachments": []
				},
				{
					"isClone": false,
					"noteId": "7CmAOqnwkjoA",
					"notePath": [
						"zFvZzqEj5VbM",
						"7CmAOqnwkjoA"
					],
					"title": "Die Leiden des jungen Werther ",
					"notePosition": 300,
					"prefix": null,
					"isExpanded": false,
					"type": "text",
					"mime": "text/html",
					"attributes": [
						{
							"type": "label",
							"name": "author",
							"value": "Johann Wolfgang von Goethe",
							"isInheritable": false,
							"position": 10
						},
						{
							"type": "label",
							"name": "Roman",
							"value": "",
							"isInheritable": false,
							"position": 20
						}
					],
					"format": "html",
					"dataFileName": "Die Leiden des jungen Werther.html",
					"attachments": []
				},
				{
					"isClone": false,
					"noteId": "0tBRNeenXIVh",
					"notePath": [
						"zFvZzqEj5VbM",
						"0tBRNeenXIVh"
					],
					"title": "Effi Briest ",
					"notePosition": 310,
					"prefix": null,
					"isExpanded": false,
					"type": "text",
					"mime": "text/html",
					"attributes": [
						{
							"type": "label",
							"name": "author",
							"value": "Theodor Fontane",
							"isInheritable": false,
							"position": 10
						},
						{
							"type": "label",
							"name": "Roman",
							"value": "",
							"isInheritable": false,
							"position": 20
						}
					],
					"format": "html",
					"dataFileName": "Effi Briest.html",
					"attachments": []
				},
				{
					"isClone": false,
					"noteId": "xx5qey7ZY2Rl",
					"notePath": [
						"zFvZzqEj5VbM",
						"xx5qey7ZY2Rl"
					],
					"title": "Buddenbrooks ",
					"notePosition": 320,
					"prefix": null,
					"isExpanded": false,
					"type": "text",
					"mime": "text/html",
					"attributes": [
						{
							"type": "label",
							"name": "author",
							"value": "Thomas Mann",
							"isInheritable": false,
							"position": 10
						},
						{
							"type": "label",
							"name": "Roman",
							"value": "",
							"isInheritable": false,
							"position": 20
						}
					],
					"format": "html",
					"dataFileName": "Buddenbrooks.html",
					"attachments": []
				},
				{
					"isClone": false,
					"noteId": "uJSdSjdRhn1w",
					"notePath": [
						"zFvZzqEj5VbM",
						"uJSdSjdRhn1w"
					],
					"title": "Der Zauberberg ",
					"notePosition": 330,
					"prefix": null,
					"isExpanded": false,
					"type": "text",
					"mime": "text/html",
					"attributes": [
						{
							"type": "label",
							"name": "author",
							"value": "Thomas Mann",
							"isInheritable": false,
							"position": 10
						},
						{
							"type": "label",
							"name": "Roman",
							"value": "",
							"isInheritable": false,
							"position": 20
						}
					],
					"format": "html",
					"dataFileName": "Der Zauberberg.html",
					"attachments": []
				},
				{
					"isClone": false,
					"noteId": "5aANwGL7fo3S",
					"notePath": [
						"zFvZzqEj5VbM",
						"5aANwGL7fo3S"
					],
					"title": "Homo Faber",
					"notePosition": 340,
					"prefix": null,
					"isExpanded": false,
					"type": "text",
					"mime": "text/html",
					"attributes": [
						{
							"type": "label",
							"name": "author",
							"value": "Max Frisch",
							"isInheritable": false,
							"position": 10
						},
						{
							"type": "label",
							"name": "Roman",
							"value": "",
							"isInheritable": false,
							"position": 20
						}
					],
					"format": "html",
					"dataFileName": "Homo Faber.html",
					"attachments": []
				},
				{
					"isClone": false,
					"noteId": "HxH4whMxazAH",
					"notePath": [
						"zFvZzqEj5VbM",
						"HxH4whMxazAH"
					],
					"title": "Die Physiker ",
					"notePosition": 350,
					"prefix": null,
					"isExpanded": false,
					"type": "text",
					"mime": "text/html",
					"attributes": [
						{
							"type": "label",
							"name": "author",
							"value": "Friedrich Dürrenmatt",
							"isInheritable": false,
							"position": 10
						},
						{
							"type": "label",
							"name": "Drama",
							"value": "",
							"isInheritable": false,
							"position": 20
						}
					],
					"format": "html",
					"dataFileName": "Die Physiker.html",
					"attachments": []
				},
				{
					"isClone": false,
					"noteId": "kEVtZ07EhTsx",
					"notePath": [
						"zFvZzqEj5VbM",
						"kEVtZ07EhTsx"
					],
					"title": "Andorra ",
					"notePosition": 360,
					"prefix": null,
					"isExpanded": false,
					"type": "text",
					"mime": "text/html",
					"attributes": [
						{
							"type": "label",
							"name": "author",
							"value": "Max Frisch",
							"isInheritable": false,
							"position": 10
						},
						{
							"type": "label",
							"name": "Drama",
							"value": "",
							"isInheritable": false,
							"position": 20
						}
					],
					"format": "html",
					"dataFileName": "Andorra.html",
					"attachments": []
				},
				{
					"isClone": false,
					"noteId": "0QE1HuVwos9J",
					"notePath": [
						"zFvZzqEj5VbM",
						"0QE1HuVwos9J"
					],
					"title": "Nathan der Weise ",
					"notePosition": 370,
					"prefix": null,
					"isExpanded": false,
					"type": "text",
					"mime": "text/html",
					"attributes": [
						{
							"type": "label",
							"name": "author",
							"value": "Gotthold Ephraim Lessing",
							"isInheritable": false,
							"position": 10
						},
						{
							"type": "label",
							"name": "Drama",
							"value": "",
							"isInheritable": false,
							"position": 20
						}
					],
					"format": "html",
					"dataFileName": "Nathan der Weise.html",
					"attachments": []
				},
				{
					"isClone": false,
					"noteId": "3SeqFSaEPhgP",
					"notePath": [
						"zFvZzqEj5VbM",
						"3SeqFSaEPhgP"
					],
					"title": "Kabale und Liebe",
					"notePosition": 380,
					"prefix": null,
					"isExpanded": false,
					"type": "text",
					"mime": "text/html",
					"attributes": [
						{
							"type": "label",
							"name": "author",
							"value": "Friedrich Schiller",
							"isInheritable": false,
							"position": 10
						},
						{
							"type": "label",
							"name": "Drama",
							"value": "",
							"isInheritable": false,
							"position": 20
						}
					],
					"format": "html",
					"dataFileName": "Kabale und Liebe.html",
					"attachments": []
				},
				{
					"isClone": false,
					"noteId": "1zNwBDE6rRYe",
					"notePath": [
						"zFvZzqEj5VbM",
						"1zNwBDE6rRYe"
					],
					"title": "Wilhelm Tell ",
					"notePosition": 390,
					"prefix": null,
					"isExpanded": false,
					"type": "text",
					"mime": "text/html",
					"attributes": [
						{
							"type": "label",
							"name": "author",
							"value": "Friedrich Schiller",
							"isInheritable": false,
							"position": 10
						},
						{
							"type": "label",
							"name": "Drama",
							"value": "",
							"isInheritable": false,
							"position": 20
						}
					],
					"format": "html",
					"dataFileName": "Wilhelm Tell.html",
					"attachments": []
				},
				{
					"isClone": false,
					"noteId": "wF79Wg3eDyg4",
					"notePath": [
						"zFvZzqEj5VbM",
						"wF79Wg3eDyg4"
					],
					"title": "Der zerbrochne Krug ",
					"notePosition": 400,
					"prefix": null,
					"isExpanded": false,
					"type": "text",
					"mime": "text/html",
					"attributes": [
						{
							"type": "label",
							"name": "author",
							"value": "Heinrich von Kleist",
							"isInheritable": false,
							"position": 10
						},
						{
							"type": "label",
							"name": "Komödie",
							"value": "",
							"isInheritable": false,
							"position": 20
						}
					],
					"format": "html",
					"dataFileName": "Der zerbrochne Krug.html",
					"attachments": []
				},
				{
					"isClone": false,
					"noteId": "xSTekxKUlY4n",
					"notePath": [
						"zFvZzqEj5VbM",
						"xSTekxKUlY4n"
					],
					"title": "Das Parfüm ",
					"notePosition": 410,
					"prefix": null,
					"isExpanded": false,
					"type": "text",
					"mime": "text/html",
					"attributes": [
						{
							"type": "label",
							"name": "author",
							"value": "Patrick Süskind",
							"isInheritable": false,
							"position": 10
						},
						{
							"type": "label",
							"name": "Roman",
							"value": "",
							"isInheritable": false,
							"position": 20
						}
					],
					"format": "html",
					"dataFileName": "Das Parfüm.html",
					"attachments": []
				},
				{
					"isClone": false,
					"noteId": "WJnuAbJtsURa",
					"notePath": [
						"zFvZzqEj5VbM",
						"WJnuAbJtsURa"
					],
					"title": "Die Päpstin ",
					"notePosition": 420,
					"prefix": null,
					"isExpanded": false,
					"type": "text",
					"mime": "text/html",
					"attributes": [
						{
							"type": "label",
							"name": "author",
							"value": "Donna Woolfolk Cross",
							"isInheritable": false,
							"position": 10
						},
						{
							"type": "label",
							"name": "HistorischerRoman",
							"value": "",
							"isInheritable": false,
							"position": 20
						}
					],
					"format": "html",
					"dataFileName": "Die Päpstin.html",
					"attachments": []
				},
				{
					"isClone": false,
					"noteId": "7xzVGycQQR2W",
					"notePath": [
						"zFvZzqEj5VbM",
						"7xzVGycQQR2W"
					],
					"title": "Ich bin dann mal weg ",
					"notePosition": 430,
					"prefix": null,
					"isExpanded": false,
					"type": "text",
					"mime": "text/html",
					"attributes": [
						{
							"type": "label",
							"name": "author",
							"value": "Hape Kerkeling",
							"isInheritable": false,
							"position": 10
						},
						{
							"type": "label",
							"name": "Reisebericht",
							"value": "",
							"isInheritable": false,
							"position": 20
						}
					],
					"format": "html",
					"dataFileName": "Ich bin dann mal weg.html",
					"attachments": []
				},
				{
					"isClone": false,
					"noteId": "tFM4blMdxSzf",
					"notePath": [
						"zFvZzqEj5VbM",
						"tFM4blMdxSzf"
					],
					"title": "Eat Pray Love ",
					"notePosition": 440,
					"prefix": null,
					"isExpanded": false,
					"type": "text",
					"mime": "text/html",
					"attributes": [
						{
							"type": "label",
							"name": "author",
							"value": "Elizabeth Gilbert",
							"isInheritable": false,
							"position": 10
						},
						{
							"type": "label",
							"name": "Autobiografie",
							"value": "",
							"isInheritable": false,
							"position": 20
						}
					],
					"format": "html",
					"dataFileName": "Eat Pray Love.html",
					"attachments": []
				},
				{
					"isClone": false,
					"noteId": "DLNV5ZZ3Sk97",
					"notePath": [
						"zFvZzqEj5VbM",
						"DLNV5ZZ3Sk97"
					],
					"title": "Der Hundertjährige, der aus dem Fenster sprang und verschwand ",
					"notePosition": 450,
					"prefix": null,
					"isExpanded": false,
					"type": "text",
					"mime": "text/html",
					"attributes": [
						{
							"type": "label",
							"name": "author",
							"value": "Jonas Jonasson",
							"isInheritable": false,
							"position": 10
						},
						{
							"type": "label",
							"name": "Roman",
							"value": "",
							"isInheritable": false,
							"position": 20
						}
					],
					"format": "html",
					"dataFileName": "Der Hundertjährige, der aus de.html",
					"attachments": []
				},
				{
					"isClone": false,
					"noteId": "a6SssmNPpvGX",
					"notePath": [
						"zFvZzqEj5VbM",
						"a6SssmNPpvGX"
					],
					"title": "Ziemlich beste Freunde ",
					"notePosition": 460,
					"prefix": null,
					"isExpanded": false,
					"type": "text",
					"mime": "text/html",
					"attributes": [
						{
							"type": "label",
							"name": "author",
							"value": "Philippe Pozzo di Borgo",
							"isInheritable": false,
							"position": 10
						},
						{
							"type": "label",
							"name": "Autobiografie",
							"value": "",
							"isInheritable": false,
							"position": 20
						}
					],
					"format": "html",
					"dataFileName": "Ziemlich beste Freunde.html",
					"attachments": []
				},
				{
					"isClone": false,
					"noteId": "f2VAvb3VFeyE",
					"notePath": [
						"zFvZzqEj5VbM",
						"f2VAvb3VFeyE"
					],
					"title": "Das Café am Rande der Welt ",
					"notePosition": 470,
					"prefix": null,
					"isExpanded": false,
					"type": "text",
					"mime": "text/html",
					"attributes": [
						{
							"type": "label",
							"name": "author",
							"value": "John Strelecky",
							"isInheritable": false,
							"position": 10
						},
						{
							"type": "label",
							"name": "Roman",
							"value": "",
							"isInheritable": false,
							"position": 20
						}
					],
					"format": "html",
					"dataFileName": "Das Café am Rande der Welt.html",
					"attachments": []
				},
				{
					"isClone": false,
					"noteId": "SkiqG35S0E1C",
					"notePath": [
						"zFvZzqEj5VbM",
						"SkiqG35S0E1C"
					],
					"title": "Darm mit Charme ",
					"notePosition": 480,
					"prefix": null,
					"isExpanded": false,
					"type": "text",
					"mime": "text/html",
					"attributes": [
						{
							"type": "label",
							"name": "author",
							"value": "Giulia Enders",
							"isInheritable": false,
							"position": 10
						},
						{
							"type": "label",
							"name": "Sachbuch",
							"value": "",
							"isInheritable": false,
							"position": 20
						}
					],
					"format": "html",
					"dataFileName": "Darm mit Charme.html",
					"attachments": []
				},
				{
					"isClone": false,
					"noteId": "iOEv0KHZS66n",
					"notePath": [
						"zFvZzqEj5VbM",
						"iOEv0KHZS66n"
					],
					"title": "Sapiens ",
					"notePosition": 490,
					"prefix": null,
					"isExpanded": false,
					"type": "text",
					"mime": "text/html",
					"attributes": [
						{
							"type": "label",
							"name": "author",
							"value": "Yuval Noah Harari",
							"isInheritable": false,
							"position": 10
						},
						{
							"type": "label",
							"name": "Sachbuch",
							"value": "",
							"isInheritable": false,
							"position": 20
						}
					],
					"format": "html",
					"dataFileName": "Sapiens.html",
					"attachments": []
				},
				{
					"isClone": false,
					"noteId": "7fPeMPEpfaVc",
					"notePath": [
						"zFvZzqEj5VbM",
						"7fPeMPEpfaVc"
					],
					"title": "Eine kurze Geschichte der Menschheit ",
					"notePosition": 500,
					"prefix": null,
					"isExpanded": false,
					"type": "text",
					"mime": "text/html",
					"attributes": [
						{
							"type": "label",
							"name": "author",
							"value": "Yuval Noah Harari",
							"isInheritable": false,
							"position": 10
						},
						{
							"type": "label",
							"name": "Sachbuch",
							"value": "",
							"isInheritable": false,
							"position": 20
						}
					],
					"format": "html",
					"dataFileName": "Eine kurze Geschichte der Mens.html",
					"attachments": []
				},
				{
					"isClone": false,
					"noteId": "QOQx1PaU2D3L",
					"notePath": [
						"zFvZzqEj5VbM",
						"QOQx1PaU2D3L"
					],
					"title": "Factfulness ",
					"notePosition": 510,
					"prefix": null,
					"isExpanded": false,
					"type": "text",
					"mime": "text/html",
					"attributes": [
						{
							"type": "label",
							"name": "author",
							"value": "Hans Rosling",
							"isInheritable": false,
							"position": 10
						},
						{
							"type": "label",
							"name": "Sachbuch",
							"value": "",
							"isInheritable": false,
							"position": 20
						}
					],
					"format": "html",
					"dataFileName": "Factfulness.html",
					"attachments": []
				},
				{
					"isClone": false,
					"noteId": "C5LLRzsXMRU0",
					"notePath": [
						"zFvZzqEj5VbM",
						"C5LLRzsXMRU0"
					],
					"title": "Thinking, Fast and Slow ",
					"notePosition": 520,
					"prefix": null,
					"isExpanded": false,
					"type": "text",
					"mime": "text/html",
					"attributes": [
						{
							"type": "label",
							"name": "author",
							"value": "Daniel Kahneman",
							"isInheritable": false,
							"position": 10
						},
						{
							"type": "label",
							"name": "Sachbuch",
							"value": "",
							"isInheritable": false,
							"position": 20
						}
					],
					"format": "html",
					"dataFileName": "Thinking, Fast and Slow.html",
					"attachments": []
				},
				{
					"isClone": false,
					"noteId": "UMkN6fHbsqOm",
					"notePath": [
						"zFvZzqEj5VbM",
						"UMkN6fHbsqOm"
					],
					"title": "Rich Dad Poor Dad ",
					"notePosition": 530,
					"prefix": null,
					"isExpanded": false,
					"type": "text",
					"mime": "text/html",
					"attributes": [
						{
							"type": "label",
							"name": "author",
							"value": "Robert Kiyosaki",
							"isInheritable": false,
							"position": 10
						},
						{
							"type": "label",
							"name": "Sachbuch",
							"value": "",
							"isInheritable": false,
							"position": 20
						}
					],
					"format": "html",
					"dataFileName": "Rich Dad Poor Dad.html",
					"attachments": []
				},
				{
					"isClone": false,
					"noteId": "G7v2rnHplsA6",
					"notePath": [
						"zFvZzqEj5VbM",
						"G7v2rnHplsA6"
					],
					"title": "The 7 Habits of Highly Effective People ",
					"notePosition": 540,
					"prefix": null,
					"isExpanded": false,
					"type": "text",
					"mime": "text/html",
					"attributes": [
						{
							"type": "label",
							"name": "author",
							"value": "Stephen R. Covey",
							"isInheritable": false,
							"position": 10
						},
						{
							"type": "label",
							"name": "Sachbuch",
							"value": "",
							"isInheritable": false,
							"position": 20
						}
					],
					"format": "html",
					"dataFileName": "The 7 Habits of Highly Effecti.html",
					"attachments": []
				},
				{
					"isClone": false,
					"noteId": "rC5YKCOz0xff",
					"notePath": [
						"zFvZzqEj5VbM",
						"rC5YKCOz0xff"
					],
					"title": "How to Win Friends and Influence People ",
					"notePosition": 550,
					"prefix": null,
					"isExpanded": false,
					"type": "text",
					"mime": "text/html",
					"attributes": [
						{
							"type": "label",
							"name": "author",
							"value": "Dale Carnegie",
							"isInheritable": false,
							"position": 10
						},
						{
							"type": "label",
							"name": "Sachbuch",
							"value": "",
							"isInheritable": false,
							"position": 20
						}
					],
					"format": "html",
					"dataFileName": "How to Win Friends and Influen.html",
					"attachments": []
				},
				{
					"isClone": false,
					"noteId": "AfSIo3aETDrP",
					"notePath": [
						"zFvZzqEj5VbM",
						"AfSIo3aETDrP"
					],
					"title": "The Lean Startup",
					"notePosition": 560,
					"prefix": null,
					"isExpanded": false,
					"type": "text",
					"mime": "text/html",
					"attributes": [
						{
							"type": "label",
							"name": "author",
							"value": "Eric Ries",
							"isInheritable": false,
							"position": 10
						},
						{
							"type": "label",
							"name": "Sachbuch",
							"value": "",
							"isInheritable": false,
							"position": 20
						}
					],
					"format": "html",
					"dataFileName": "The Lean Startup.html",
					"attachments": []
				},
				{
					"isClone": false,
					"noteId": "jiNc3jGGETXO",
					"notePath": [
						"zFvZzqEj5VbM",
						"jiNc3jGGETXO"
					],
					"title": "Zero to One ",
					"notePosition": 570,
					"prefix": null,
					"isExpanded": false,
					"type": "text",
					"mime": "text/html",
					"attributes": [
						{
							"type": "label",
							"name": "author",
							"value": "Peter Thiel",
							"isInheritable": false,
							"position": 10
						},
						{
							"type": "label",
							"name": "Sachbuch",
							"value": "",
							"isInheritable": false,
							"position": 20
						}
					],
					"format": "html",
					"dataFileName": "Zero to One.html",
					"attachments": []
				},
				{
					"isClone": false,
					"noteId": "uW1uONCkkvWt",
					"notePath": [
						"zFvZzqEj5VbM",
						"uW1uONCkkvWt"
					],
					"title": "The Hard Thing About Hard Things ",
					"notePosition": 580,
					"prefix": null,
					"isExpanded": false,
					"type": "text",
					"mime": "text/html",
					"attributes": [
						{
							"type": "label",
							"name": "author",
							"value": "Ben Horowitz",
							"isInheritable": false,
							"position": 10
						},
						{
							"type": "label",
							"name": "Sachbuch",
							"value": "",
							"isInheritable": false,
							"position": 20
						}
					],
					"format": "html",
					"dataFileName": "The Hard Thing About Hard Thin.html",
					"attachments": []
				},
				{
					"isClone": false,
					"noteId": "XcevsqdbBZnp",
					"notePath": [
						"zFvZzqEj5VbM",
						"XcevsqdbBZnp"
					],
					"title": "Measure What Matters ",
					"notePosition": 590,
					"prefix": null,
					"isExpanded": false,
					"type": "text",
					"mime": "text/html",
					"attributes": [
						{
							"type": "label",
							"name": "author",
							"value": "John Doerr",
							"isInheritable": false,
							"position": 10
						},
						{
							"type": "label",
							"name": "Sachbuch",
							"value": "",
							"isInheritable": false,
							"position": 20
						}
					],
					"format": "html",
					"dataFileName": "Measure What Matters.html",
					"attachments": []
				},
				{
					"isClone": false,
					"noteId": "CmyqNCARGoVQ",
					"notePath": [
						"zFvZzqEj5VbM",
						"CmyqNCARGoVQ"
					],
					"title": "Radical Candor ",
					"notePosition": 600,
					"prefix": null,
					"isExpanded": false,
					"type": "text",
					"mime": "text/html",
					"attributes": [
						{
							"type": "label",
							"name": "author",
							"value": "Kim Scott",
							"isInheritable": false,
							"position": 10
						},
						{
							"type": "label",
							"name": "Sachbuch",
							"value": "",
							"isInheritable": false,
							"position": 20
						}
					],
					"format": "html",
					"dataFileName": "Radical Candor.html",
					"attachments": []
				},
				{
					"isClone": false,
					"noteId": "czdwMdQHwRk9",
					"notePath": [
						"zFvZzqEj5VbM",
						"czdwMdQHwRk9"
					],
					"title": "Dare to Lead ",
					"notePosition": 610,
					"prefix": null,
					"isExpanded": false,
					"type": "text",
					"mime": "text/html",
					"attributes": [
						{
							"type": "label",
							"name": "author",
							"value": "Brené Brown",
							"isInheritable": false,
							"position": 10
						},
						{
							"type": "label",
							"name": "Sachbuch",
							"value": "",
							"isInheritable": false,
							"position": 20
						}
					],
					"format": "html",
					"dataFileName": "Dare to Lead.html",
					"attachments": []
				},
				{
					"isClone": false,
					"noteId": "zdfmEdgeOopY",
					"notePath": [
						"zFvZzqEj5VbM",
						"zdfmEdgeOopY"
					],
					"title": "Daring Greatly ",
					"notePosition": 620,
					"prefix": null,
					"isExpanded": false,
					"type": "text",
					"mime": "text/html",
					"attributes": [
						{
							"type": "label",
							"name": "author",
							"value": "Brené Brown",
							"isInheritable": false,
							"position": 10
						},
						{
							"type": "label",
							"name": "Sachbuch",
							"value": "",
							"isInheritable": false,
							"position": 20
						}
					],
					"format": "html",
					"dataFileName": "Daring Greatly.html",
					"attachments": []
				},
				{
					"isClone": false,
					"noteId": "Do524V7ftcPe",
					"notePath": [
						"zFvZzqEj5VbM",
						"Do524V7ftcPe"
					],
					"title": "The Gifts of Imperfection ",
					"notePosition": 630,
					"prefix": null,
					"isExpanded": false,
					"type": "text",
					"mime": "text/html",
					"attributes": [
						{
							"type": "label",
							"name": "author",
							"value": "Brené Brown",
							"isInheritable": false,
							"position": 10
						},
						{
							"type": "label",
							"name": "Sachbuch",
							"value": "",
							"isInheritable": false,
							"position": 20
						}
					],
					"format": "html",
					"dataFileName": "The Gifts of Imperfection.html",
					"attachments": []
				},
				{
					"isClone": false,
					"noteId": "nKQl70vGwTNO",
					"notePath": [
						"zFvZzqEj5VbM",
						"nKQl70vGwTNO"
					],
					"title": "Rising Strong ",
					"notePosition": 640,
					"prefix": null,
					"isExpanded": false,
					"type": "text",
					"mime": "text/html",
					"attributes": [
						{
							"type": "label",
							"name": "author",
							"value": "Brené Brown",
							"isInheritable": false,
							"position": 10
						},
						{
							"type": "label",
							"name": "Sachbuch",
							"value": "",
							"isInheritable": false,
							"position": 20
						}
					],
					"format": "html",
					"dataFileName": "Rising Strong.html",
					"attachments": []
				},
				{
					"isClone": false,
					"noteId": "HnkW9Dhc2AoO",
					"notePath": [
						"zFvZzqEj5VbM",
						"HnkW9Dhc2AoO"
					],
					"title": "Braving the Wilderness",
					"notePosition": 650,
					"prefix": null,
					"isExpanded": false,
					"type": "text",
					"mime": "text/html",
					"attributes": [
						{
							"type": "label",
							"name": "author",
							"value": "Brené Brown",
							"isInheritable": false,
							"position": 10
						},
						{
							"type": "label",
							"name": "Sachbuch",
							"value": "",
							"isInheritable": false,
							"position": 20
						}
					],
					"format": "html",
					"dataFileName": "Braving the Wilderness.html",
					"attachments": []
				},
				{
					"isClone": false,
					"noteId": "tdzKvg8wnWFx",
					"notePath": [
						"zFvZzqEj5VbM",
						"tdzKvg8wnWFx"
					],
					"title": "Start with Why ",
					"notePosition": 660,
					"prefix": null,
					"isExpanded": false,
					"type": "text",
					"mime": "text/html",
					"attributes": [
						{
							"type": "label",
							"name": "author",
							"value": "Simon Sinek",
							"isInheritable": false,
							"position": 10
						},
						{
							"type": "label",
							"name": "Sachbuch",
							"value": "",
							"isInheritable": false,
							"position": 20
						}
					],
					"format": "html",
					"dataFileName": "Start with Why.html",
					"attachments": []
				},
				{
					"isClone": false,
					"noteId": "RjYj4vDjdXIy",
					"notePath": [
						"zFvZzqEj5VbM",
						"RjYj4vDjdXIy"
					],
					"title": "Leaders Eat Last ",
					"notePosition": 670,
					"prefix": null,
					"isExpanded": false,
					"type": "text",
					"mime": "text/html",
					"attributes": [
						{
							"type": "label",
							"name": "author",
							"value": "Simon Sinek",
							"isInheritable": false,
							"position": 10
						},
						{
							"type": "label",
							"name": "Sachbuch",
							"value": "",
							"isInheritable": false,
							"position": 20
						}
					],
					"format": "html",
					"dataFileName": "Leaders Eat Last.html",
					"attachments": []
				},
				{
					"isClone": false,
					"noteId": "xss943JyIwtX",
					"notePath": [
						"zFvZzqEj5VbM",
						"xss943JyIwtX"
					],
					"title": "The Infinite Game ",
					"notePosition": 680,
					"prefix": null,
					"isExpanded": false,
					"type": "text",
					"mime": "text/html",
					"attributes": [
						{
							"type": "label",
							"name": "author",
							"value": "Simon Sinek",
							"isInheritable": false,
							"position": 10
						},
						{
							"type": "label",
							"name": "Sachbuch",
							"value": "",
							"isInheritable": false,
							"position": 20
						}
					],
					"format": "html",
					"dataFileName": "The Infinite Game.html",
					"attachments": []
				},
				{
					"isClone": false,
					"noteId": "Vfv0MjKi5njv",
					"notePath": [
						"zFvZzqEj5VbM",
						"Vfv0MjKi5njv"
					],
					"title": "Find Your Why ",
					"notePosition": 690,
					"prefix": null,
					"isExpanded": false,
					"type": "text",
					"mime": "text/html",
					"attributes": [
						{
							"type": "label",
							"name": "author",
							"value": "Simon Sinek",
							"isInheritable": false,
							"position": 10
						},
						{
							"type": "label",
							"name": "Sachbuch",
							"value": "",
							"isInheritable": false,
							"position": 20
						}
					],
					"format": "html",
					"dataFileName": "Find Your Why.html",
					"attachments": []
				},
				{
					"isClone": false,
					"noteId": "Svbg6KbAK0vk",
					"notePath": [
						"zFvZzqEj5VbM",
						"Svbg6KbAK0vk"
					],
					"title": "Together is Better ",
					"notePosition": 700,
					"prefix": null,
					"isExpanded": false,
					"type": "text",
					"mime": "text/html",
					"attributes": [
						{
							"type": "label",
							"name": "author",
							"value": "Simon Sinek",
							"isInheritable": false,
							"position": 10
						},
						{
							"type": "label",
							"name": "Sachbuch",
							"value": "",
							"isInheritable": false,
							"position": 20
						}
					],
					"format": "html",
					"dataFileName": "Together is Better.html",
					"attachments": []
				},
				{
					"isClone": false,
					"noteId": "cJ1ex1XTxyvM",
					"notePath": [
						"zFvZzqEj5VbM",
						"cJ1ex1XTxyvM"
					],
					"title": "The 5 Love Languages ",
					"notePosition": 710,
					"prefix": null,
					"isExpanded": false,
					"type": "text",
					"mime": "text/html",
					"attributes": [
						{
							"type": "label",
							"name": "author",
							"value": "Gary Chapman",
							"isInheritable": false,
							"position": 10
						},
						{
							"type": "label",
							"name": "Sachbuch",
							"value": "",
							"isInheritable": false,
							"position": 20
						}
					],
					"format": "html",
					"dataFileName": "The 5 Love Languages.html",
					"attachments": []
				},
				{
					"isClone": false,
					"noteId": "0Ofl6aCYN1qw",
					"notePath": [
						"zFvZzqEj5VbM",
						"0Ofl6aCYN1qw"
					],
					"title": "Men Are from Mars, Women Are from Venus ",
					"notePosition": 720,
					"prefix": null,
					"isExpanded": false,
					"type": "text",
					"mime": "text/html",
					"attributes": [
						{
							"type": "label",
							"name": "author",
							"value": "John Gray",
							"isInheritable": false,
							"position": 10
						},
						{
							"type": "label",
							"name": "Sachbuch",
							"value": "",
							"isInheritable": false,
							"position": 20
						}
					],
					"format": "html",
					"dataFileName": "Men Are from Mars, Women Are f.html",
					"attachments": []
				},
				{
					"isClone": false,
					"noteId": "Vt5MhLk9pDyf",
					"notePath": [
						"zFvZzqEj5VbM",
						"Vt5MhLk9pDyf"
					],
					"title": "The Power of Habit ",
					"notePosition": 730,
					"prefix": null,
					"isExpanded": false,
					"type": "text",
					"mime": "text/html",
					"attributes": [
						{
							"type": "label",
							"name": "author",
							"value": "Charles Duhigg",
							"isInheritable": false,
							"position": 10
						},
						{
							"type": "label",
							"name": "Sachbuch",
							"value": "",
							"isInheritable": false,
							"position": 20
						}
					],
					"format": "html",
					"dataFileName": "The Power of Habit.html",
					"attachments": []
				},
				{
					"isClone": false,
					"noteId": "pRVmLE6QYSs7",
					"notePath": [
						"zFvZzqEj5VbM",
						"pRVmLE6QYSs7"
					],
					"title": "Atomic Habits ",
					"notePosition": 740,
					"prefix": null,
					"isExpanded": false,
					"type": "text",
					"mime": "text/html",
					"attributes": [
						{
							"type": "label",
							"name": "author",
							"value": "James Clear",
							"isInheritable": false,
							"position": 10
						},
						{
							"type": "label",
							"name": "Sachbuch",
							"value": "",
							"isInheritable": false,
							"position": 20
						}
					],
					"format": "html",
					"dataFileName": "Atomic Habits.html",
					"attachments": []
				},
				{
					"isClone": false,
					"noteId": "YtFnbhkNakUC",
					"notePath": [
						"zFvZzqEj5VbM",
						"YtFnbhkNakUC"
					],
					"title": "Mindset ",
					"notePosition": 750,
					"prefix": null,
					"isExpanded": false,
					"type": "text",
					"mime": "text/html",
					"attributes": [
						{
							"type": "label",
							"name": "author",
							"value": "Carol S. Dweck",
							"isInheritable": false,
							"position": 10
						},
						{
							"type": "label",
							"name": "Sachbuch",
							"value": "",
							"isInheritable": false,
							"position": 20
						}
					],
					"format": "html",
					"dataFileName": "Mindset.html",
					"attachments": []
				},
				{
					"isClone": false,
					"noteId": "bWCIDnL03dtI",
					"notePath": [
						"zFvZzqEj5VbM",
						"bWCIDnL03dtI"
					],
					"title": "Grit ",
					"notePosition": 760,
					"prefix": null,
					"isExpanded": false,
					"type": "text",
					"mime": "text/html",
					"attributes": [
						{
							"type": "label",
							"name": "author",
							"value": "Angela Duckworth",
							"isInheritable": false,
							"position": 10
						},
						{
							"type": "label",
							"name": "Sachbuch",
							"value": "",
							"isInheritable": false,
							"position": 20
						}
					],
					"format": "html",
					"dataFileName": "Grit.html",
					"attachments": []
				},
				{
					"isClone": false,
					"noteId": "40SYFSVZpkif",
					"notePath": [
						"zFvZzqEj5VbM",
						"40SYFSVZpkif"
					],
					"title": "Quiet ",
					"notePosition": 770,
					"prefix": null,
					"isExpanded": false,
					"type": "text",
					"mime": "text/html",
					"attributes": [
						{
							"type": "label",
							"name": "author",
							"value": "Susan Cain",
							"isInheritable": false,
							"position": 10
						},
						{
							"type": "label",
							"name": "Sachbuch",
							"value": "",
							"isInheritable": false,
							"position": 20
						}
					],
					"format": "html",
					"dataFileName": "Quiet.html",
					"attachments": []
				},
				{
					"isClone": false,
					"noteId": "o81RybjOjXpf",
					"notePath": [
						"zFvZzqEj5VbM",
						"o81RybjOjXpf"
					],
					"title": "Emotional Intelligence 2.0 ",
					"notePosition": 780,
					"prefix": null,
					"isExpanded": false,
					"type": "text",
					"mime": "text/html",
					"attributes": [
						{
							"type": "label",
							"name": "author",
							"value": "Travis Bradberry",
							"isInheritable": false,
							"position": 10
						},
						{
							"type": "label",
							"name": "Sachbuch",
							"value": "",
							"isInheritable": false,
							"position": 30
						},
						{
							"type": "label",
							"name": "author",
							"value": "Jean Greaves",
							"isInheritable": false,
							"position": 20
						}
					],
					"format": "html",
					"dataFileName": "Emotional Intelligence 2.0.html",
					"attachments": []
				},
				{
					"isClone": false,
					"noteId": "9TeWjP6YsjyI",
					"notePath": [
						"zFvZzqEj5VbM",
						"9TeWjP6YsjyI"
					],
					"title": "The 7 Spiritual Laws of Success ",
					"notePosition": 790,
					"prefix": null,
					"isExpanded": false,
					"type": "text",
					"mime": "text/html",
					"attributes": [
						{
							"type": "label",
							"name": "author",
							"value": "Deepak Chopra",
							"isInheritable": false,
							"position": 10
						},
						{
							"type": "label",
							"name": "Sachbuch",
							"value": "",
							"isInheritable": false,
							"position": 20
						}
					],
					"format": "html",
					"dataFileName": "The 7 Spiritual Laws of Succes.html",
					"attachments": []
				},
				{
					"isClone": false,
					"noteId": "xFyMz3qJ40Qi",
					"notePath": [
						"zFvZzqEj5VbM",
						"xFyMz3qJ40Qi"
					],
					"title": "The Power of Now ",
					"notePosition": 800,
					"prefix": null,
					"isExpanded": false,
					"type": "text",
					"mime": "text/html",
					"attributes": [
						{
							"type": "label",
							"name": "author",
							"value": "Eckhart Tolle",
							"isInheritable": false,
							"position": 10
						},
						{
							"type": "label",
							"name": "Sachbuch",
							"value": "",
							"isInheritable": false,
							"position": 20
						}
					],
					"format": "html",
					"dataFileName": "The Power of Now.html",
					"attachments": []
				},
				{
					"isClone": false,
					"noteId": "UbTogHVcCY28",
					"notePath": [
						"zFvZzqEj5VbM",
						"UbTogHVcCY28"
					],
					"title": "A New Earth ",
					"notePosition": 810,
					"prefix": null,
					"isExpanded": false,
					"type": "text",
					"mime": "text/html",
					"attributes": [
						{
							"type": "label",
							"name": "author",
							"value": "Eckhart Tolle",
							"isInheritable": false,
							"position": 10
						},
						{
							"type": "label",
							"name": "Sachbuch",
							"value": "",
							"isInheritable": false,
							"position": 20
						}
					],
					"format": "html",
					"dataFileName": "A New Earth.html",
					"attachments": []
				},
				{
					"isClone": false,
					"noteId": "0de9Cgb72TZP",
					"notePath": [
						"zFvZzqEj5VbM",
						"0de9Cgb72TZP"
					],
					"title": "The Untethered Soul ",
					"notePosition": 820,
					"prefix": null,
					"isExpanded": false,
					"type": "text",
					"mime": "text/html",
					"attributes": [
						{
							"type": "label",
							"name": "author",
							"value": "Michael A. Singer",
							"isInheritable": false,
							"position": 10
						},
						{
							"type": "label",
							"name": "Sachbuch",
							"value": "",
							"isInheritable": false,
							"position": 20
						}
					],
					"format": "html",
					"dataFileName": "The Untethered Soul.html",
					"attachments": []
				},
				{
					"isClone": false,
					"noteId": "pWDPA0CZnPzx",
					"notePath": [
						"zFvZzqEj5VbM",
						"pWDPA0CZnPzx"
					],
					"title": "The Surrender Experiment ",
					"notePosition": 830,
					"prefix": null,
					"isExpanded": false,
					"type": "text",
					"mime": "text/html",
					"attributes": [
						{
							"type": "label",
							"name": "author",
							"value": "Michael A. Singer",
							"isInheritable": false,
							"position": 10
						},
						{
							"type": "label",
							"name": "Sachbuch",
							"value": "",
							"isInheritable": false,
							"position": 20
						}
					],
					"format": "html",
					"dataFileName": "The Surrender Experiment.html",
					"attachments": []
				},
				{
					"isClone": false,
					"noteId": "N8iUgMfGmVgz",
					"notePath": [
						"zFvZzqEj5VbM",
						"N8iUgMfGmVgz"
					],
					"title": "Letting Go ",
					"notePosition": 840,
					"prefix": null,
					"isExpanded": false,
					"type": "text",
					"mime": "text/html",
					"attributes": [
						{
							"type": "label",
							"name": "author",
							"value": "David R. Hawkins",
							"isInheritable": false,
							"position": 10
						},
						{
							"type": "label",
							"name": "Sachbuch",
							"value": "",
							"isInheritable": false,
							"position": 20
						}
					],
					"format": "html",
					"dataFileName": "Letting Go.html",
					"attachments": []
				},
				{
					"isClone": false,
					"noteId": "OEaelHC6ZznT",
					"notePath": [
						"zFvZzqEj5VbM",
						"OEaelHC6ZznT"
					],
					"title": "Power vs. Force ",
					"notePosition": 850,
					"prefix": null,
					"isExpanded": false,
					"type": "text",
					"mime": "text/html",
					"attributes": [
						{
							"type": "label",
							"name": "author",
							"value": "David R. Hawkins",
							"isInheritable": false,
							"position": 10
						},
						{
							"type": "label",
							"name": "Sachbuch",
							"value": "",
							"isInheritable": false,
							"position": 20
						}
					],
					"format": "html",
					"dataFileName": "Power vs. Force.html",
					"attachments": []
				},
				{
					"isClone": false,
					"noteId": "oRwHasskN9CV",
					"notePath": [
						"zFvZzqEj5VbM",
						"oRwHasskN9CV"
					],
					"title": "The Book of Awakening ",
					"notePosition": 860,
					"prefix": null,
					"isExpanded": false,
					"type": "text",
					"mime": "text/html",
					"attributes": [
						{
							"type": "label",
							"name": "author",
							"value": "Mark Nepo",
							"isInheritable": false,
							"position": 10
						},
						{
							"type": "label",
							"name": "Sachbuch",
							"value": "",
							"isInheritable": false,
							"position": 20
						}
					],
					"format": "html",
					"dataFileName": "The Book of Awakening.html",
					"attachments": []
				},
				{
					"isClone": false,
					"noteId": "u6CC1AjquPga",
					"notePath": [
						"zFvZzqEj5VbM",
						"u6CC1AjquPga"
					],
					"title": "The Tao of Pooh ",
					"notePosition": 870,
					"prefix": null,
					"isExpanded": false,
					"type": "text",
					"mime": "text/html",
					"attributes": [
						{
							"type": "label",
							"name": "author",
							"value": "Benjamin Hoff",
							"isInheritable": false,
							"position": 10
						},
						{
							"type": "label",
							"name": "Sachbuch",
							"value": "",
							"isInheritable": false,
							"position": 20
						}
					],
					"format": "html",
					"dataFileName": "The Tao of Pooh.html",
					"attachments": []
				},
				{
					"isClone": false,
					"noteId": "dv91SWXRME8R",
					"notePath": [
						"zFvZzqEj5VbM",
						"dv91SWXRME8R"
					],
					"title": "The Bhagavad Gita ",
					"notePosition": 880,
					"prefix": null,
					"isExpanded": false,
					"type": "text",
					"mime": "text/html",
					"attributes": [
						{
							"type": "label",
							"name": "ReligiösesBuch",
							"value": "",
							"isInheritable": false,
							"position": 10
						}
					],
					"format": "html",
					"dataFileName": "The Bhagavad Gita.html",
					"attachments": []
				},
				{
					"isClone": false,
					"noteId": "IrNOKNL6J4QD",
					"notePath": [
						"zFvZzqEj5VbM",
						"IrNOKNL6J4QD"
					],
					"title": "The Bible ",
					"notePosition": 890,
					"prefix": null,
					"isExpanded": false,
					"type": "text",
					"mime": "text/html",
					"attributes": [
						{
							"type": "label",
							"name": "ReligiösesBuch",
							"value": "",
							"isInheritable": false,
							"position": 10
						}
					],
					"format": "html",
					"dataFileName": "The Bible.html",
					"attachments": []
				},
				{
					"isClone": false,
					"noteId": "Lvr3qmu7Q77B",
					"notePath": [
						"zFvZzqEj5VbM",
						"Lvr3qmu7Q77B"
					],
					"title": "The Quran ",
					"notePosition": 900,
					"prefix": null,
					"isExpanded": false,
					"type": "text",
					"mime": "text/html",
					"attributes": [
						{
							"type": "label",
							"name": "ReligiösesBuch",
							"value": "",
							"isInheritable": false,
							"position": 10
						}
					],
					"format": "html",
					"dataFileName": "The Quran.html",
					"attachments": []
				},
				{
					"isClone": false,
					"noteId": "s28Oah10eRKC",
					"notePath": [
						"zFvZzqEj5VbM",
						"s28Oah10eRKC"
					],
					"title": "The Upanishads ",
					"notePosition": 910,
					"prefix": null,
					"isExpanded": false,
					"type": "text",
					"mime": "text/html",
					"attributes": [
						{
							"type": "label",
							"name": "ReligiösesBuch",
							"value": "",
							"isInheritable": false,
							"position": 10
						}
					],
					"format": "html",
					"dataFileName": "The Upanishads.html",
					"attachments": []
				},
				{
					"isClone": false,
					"noteId": "01FVUHn0xc58",
					"notePath": [
						"zFvZzqEj5VbM",
						"01FVUHn0xc58"
					],
					"title": "The Dhammapada ",
					"notePosition": 920,
					"prefix": null,
					"isExpanded": false,
					"type": "text",
					"mime": "text/html",
					"attributes": [
						{
							"type": "label",
							"name": "ReligiösesBuch",
							"value": "",
							"isInheritable": false,
							"position": 10
						}
					],
					"format": "html",
					"dataFileName": "The Dhammapada.html",
					"attachments": []
				},
				{
					"isClone": false,
					"noteId": "K8QBziXMsA3K",
					"notePath": [
						"zFvZzqEj5VbM",
						"K8QBziXMsA3K"
					],
					"title": "The Art of War ",
					"notePosition": 930,
					"prefix": null,
					"isExpanded": false,
					"type": "text",
					"mime": "text/html",
					"attributes": [
						{
							"type": "label",
							"name": "author",
							"value": "Sun Tzu",
							"isInheritable": false,
							"position": 10
						},
						{
							"type": "label",
							"name": "Militärstrategie",
							"value": "",
							"isInheritable": false,
							"position": 20
						}
					],
					"format": "html",
					"dataFileName": "The Art of War.html",
					"attachments": []
				},
				{
					"isClone": false,
					"noteId": "AY4CLalmTu38",
					"notePath": [
						"zFvZzqEj5VbM",
						"AY4CLalmTu38"
					],
					"title": "The Prince ",
					"notePosition": 940,
					"prefix": null,
					"isExpanded": false,
					"type": "text",
					"mime": "text/html",
					"attributes": [
						{
							"type": "label",
							"name": "author",
							"value": "Niccolò Machiavelli",
							"isInheritable": false,
							"position": 10
						},
						{
							"type": "label",
							"name": "PolitischePhilosophie",
							"value": "",
							"isInheritable": false,
							"position": 20
						}
					],
					"format": "html",
					"dataFileName": "The Prince.html",
					"attachments": []
				},
				{
					"isClone": false,
					"noteId": "yV4YmkBpuW6A",
					"notePath": [
						"zFvZzqEj5VbM",
						"yV4YmkBpuW6A"
					],
					"title": "On the Origin of Species ",
					"notePosition": 950,
					"prefix": null,
					"isExpanded": false,
					"type": "text",
					"mime": "text/html",
					"attributes": [
						{
							"type": "label",
							"name": "author",
							"value": "Charles Darwin",
							"isInheritable": false,
							"position": 10
						},
						{
							"type": "label",
							"name": "Wissenschaft",
							"value": "",
							"isInheritable": false,
							"position": 20
						}
					],
					"format": "html",
					"dataFileName": "On the Origin of Species.html",
					"attachments": []
				},
				{
					"isClone": false,
					"noteId": "3Pce74mee54e",
					"notePath": [
						"zFvZzqEj5VbM",
						"3Pce74mee54e"
					],
					"title": "A Brief History of Time ",
					"notePosition": 960,
					"prefix": null,
					"isExpanded": false,
					"type": "text",
					"mime": "text/html",
					"attributes": [
						{
							"type": "label",
							"name": "author",
							"value": "Stephen Hawking",
							"isInheritable": false,
							"position": 10
						},
						{
							"type": "label",
							"name": "Wissenschaft",
							"value": "",
							"isInheritable": false,
							"position": 20
						}
					],
					"format": "html",
					"dataFileName": "A Brief History of Time.html",
					"attachments": []
				},
				{
					"isClone": false,
					"noteId": "Gne4xwUeRyV9",
					"notePath": [
						"zFvZzqEj5VbM",
						"Gne4xwUeRyV9"
					],
					"title": "The Selfish Gene ",
					"notePosition": 970,
					"prefix": null,
					"isExpanded": false,
					"type": "text",
					"mime": "text/html",
					"attributes": [
						{
							"type": "label",
							"name": "author",
							"value": "Richard Dawkins",
							"isInheritable": false,
							"position": 10
						},
						{
							"type": "label",
							"name": "Wissenschaft",
							"value": "",
							"isInheritable": false,
							"position": 20
						}
					],
					"format": "html",
					"dataFileName": "The Selfish Gene.html",
					"attachments": []
				},
				{
					"isClone": false,
					"noteId": "0CvmU3lVFzsl",
					"notePath": [
						"zFvZzqEj5VbM",
						"0CvmU3lVFzsl"
					],
					"title": "Cosmos ",
					"notePosition": 980,
					"prefix": null,
					"isExpanded": false,
					"type": "text",
					"mime": "text/html",
					"attributes": [
						{
							"type": "label",
							"name": "author",
							"value": "Carl Sagan",
							"isInheritable": false,
							"position": 10
						},
						{
							"type": "label",
							"name": "Wissenschaft",
							"value": "",
							"isInheritable": false,
							"position": 20
						}
					],
					"format": "html",
					"dataFileName": "Cosmos.html",
					"attachments": []
				},
				{
					"isClone": false,
					"noteId": "er6LKJAAsYj8",
					"notePath": [
						"zFvZzqEj5VbM",
						"er6LKJAAsYj8"
					],
					"title": "The Elegant Universe ",
					"notePosition": 990,
					"prefix": null,
					"isExpanded": false,
					"type": "text",
					"mime": "text/html",
					"attributes": [
						{
							"type": "label",
							"name": "author",
							"value": "Brian Greene",
							"isInheritable": false,
							"position": 10
						},
						{
							"type": "label",
							"name": "Wissenschaft",
							"value": "",
							"isInheritable": false,
							"position": 20
						}
					],
					"format": "html",
					"dataFileName": "The Elegant Universe.html",
					"attachments": []
				},
				{
					"isClone": false,
					"noteId": "IcM7WEoVi9Br",
					"notePath": [
						"zFvZzqEj5VbM",
						"IcM7WEoVi9Br"
					],
					"title": "The Sixth Extinction ",
					"notePosition": 1000,
					"prefix": null,
					"isExpanded": false,
					"type": "text",
					"mime": "text/html",
					"attributes": [
						{
							"type": "label",
							"name": "author",
							"value": "Elizabeth Kolbert",
							"isInheritable": false,
							"position": 10
						},
						{
							"type": "label",
							"name": "Wissenschaft",
							"value": "",
							"isInheritable": false,
							"position": 20
						}
					],
					"format": "html",
					"dataFileName": "The Sixth Extinction.html",
					"attachments": []
				}
			]
		},
		{
			"noImport": true,
			"dataFileName": "navigation.html"
		},
		{
			"noImport": true,
			"dataFileName": "index.html"
		},
		{
			"noImport": true,
			"dataFileName": "style.css"
		}
	]
}